{
    "version": 2,
    "headers": [
        {
            "source": "/(.*)",
            "headers": [
                {
                    "key": "Content-Security-Policy",
                    "value": "default-src 'self'; script-src 'self' 'unsafe-inline' 'unsafe-eval' https://esm.sh; style-src 'self' 'unsafe-inline'; connect-src 'self' https://*.supabase.co https://api.openai.com; img-src 'self' data: blob: https:; font-src 'self' https://fonts.gstatic.com;"
                }
            ]
        }
    ],
    "rewrites": [
        {
            "source": "/api/(.*)",
            "destination": "/api/index.js"
        },
        {
            "source": "/(.*)",
            "destination": "/index.html"
        }
    ]
}