[
  {
    "file": "6835c9844dc09.pdf",
    "title": "DATA CONTROLLER: KEVIN CHRABIEH",
    "lang": "es",
    "preview": "DATA CONTROLLER: KEVIN CHRABIEH | ADDRESS: Carrer Foneria, 24 local 2- 08038 Zona Franca- Barcelona "
  },
  {
    "file": "6835d0e261856.pdf",
    "title": "RESPONSABLE DEL TRATAMIENTO: KEVIN CHRABIEH",
    "lang": "es",
    "preview": "RESPONSABLE DEL TRATAMIENTO: KEVIN CHRABIEH | DIRECCIÓN: C/FONERIA, 24 LOCAL 2 08038 ZONA FRANCA-BAR"
  },
  {
    "file": "6835f13ec6e49.pdf",
    "title": "FORMULARIO DE CONSENTIMIENTO INFORMADO PARA TRATAMIENTOS",
    "lang": "ca",
    "preview": "FORMULARIO DE CONSENTIMIENTO INFORMADO PARA TRATAMIENTOS | PERIODONTALES | CHC CLÍNICA DENTAL | Dire"
  },
  {
    "file": "6836cf9d73de7.pdf",
    "title": "FORMULARIO DE CONSENTIMIENTO INFORMADO PARA TRATAMIENTOS",
    "lang": "es",
    "preview": "FORMULARIO DE CONSENTIMIENTO INFORMADO PARA TRATAMIENTOS | RESTAURADORES Y PROSTODÓNTICOS | CHC CLÍN"
  },
  {
    "file": "686387c0a7f84.pdf",
    "title": "FORMULARIO DE CONSENTIMIENTO INFORMADO PARA TRATAMIENTOS",
    "lang": "ca",
    "preview": "FORMULARIO DE CONSENTIMIENTO INFORMADO PARA TRATAMIENTOS | ENDODÓNTICOS | CHC CLÍNICA DENTAL | Direc"
  },
  {
    "file": "695fc1322e099.pdf",
    "title": "FORMULARIO DE CONSENTIMIENTO INFORMADO PARA",
    "lang": "ca",
    "preview": "FORMULARIO DE CONSENTIMIENTO INFORMADO PARA | CIRUGÍA ORAL E IMPLANTOLOGÍA | CHC CLÍNICA DENTAL | Di"
  },
  {
    "file": "696134016e116 (1).pdf",
    "title": "FORMULAIRE DE CONSENTEMENT ÉCLAIRÉ POUR LA CHIRURGIE ORALE ET",
    "lang": "es",
    "preview": "FORMULAIRE DE CONSENTEMENT ÉCLAIRÉ POUR LA CHIRURGIE ORALE ET | L'IMPLANTOLOGIE | CLINIQUE DENTAIRE "
  },
  {
    "file": "696134016e116.pdf",
    "title": "FORMULAIRE DE CONSENTEMENT ÉCLAIRÉ POUR LA CHIRURGIE ORALE ET",
    "lang": "es",
    "preview": "FORMULAIRE DE CONSENTEMENT ÉCLAIRÉ POUR LA CHIRURGIE ORALE ET | L'IMPLANTOLOGIE | CLINIQUE DENTAIRE "
  },
  {
    "file": "6970b1de47473 (1).pdf",
    "title": "RESPONSABLE DEL TRATAMIENTO: KEVIN CHRABIEH",
    "lang": "es",
    "preview": "RESPONSABLE DEL TRATAMIENTO: KEVIN CHRABIEH | DIRECCIÓN: C/FONERIA, 24 LOCAL 2 08038 ZONA FRANCA-BAR"
  },
  {
    "file": "6970b1de47473.pdf",
    "title": "RESPONSABLE DEL TRATAMIENTO: KEVIN CHRABIEH",
    "lang": "es",
    "preview": "RESPONSABLE DEL TRATAMIENTO: KEVIN CHRABIEH | DIRECCIÓN: C/FONERIA, 24 LOCAL 2 08038 ZONA FRANCA-BAR"
  }
]